<?xml version="1.0" encoding="UTF-8" standalone="yes"?>
<manifest>
  <control namespace="PCFControls" constructor="AudioAttachmentControl" version="0.0.57" preview-image="img/audioattachmentlogo.png" display-name-key="365spartan_AudioAttachmentControl" description-key="Use this control to add audio files with live preview" control-type="standard" api-version="1.1.0">
    <property name="sampleProperty" display-name-key="Property_Display_Key" description-key="Property_Desc_Key" of-type="SingleLine.Text" usage="bound" required="false"/>
    <resources>
      <code path="bundle.js" order="1"/>
      <css path="css/dropzone.css" order="1"/>
      <css path="css/audioplayer.css" order="1"/>
      <css path="toastr.min.css" order="1"/>
      <img path="uploadIcon.png"/>
      <img path="img/audioattachmentlogo1.png"/>
    </resources>
    <feature-usage>
      <uses-feature name="Device.captureAudio" required="true"/>
      <uses-feature name="Device.captureImage" required="true"/>
      <uses-feature name="Device.captureVideo" required="true"/>
      <uses-feature name="Device.getBarcodeValue" required="true"/>
      <uses-feature name="Device.getCurrentPosition" required="true"/>
      <uses-feature name="Device.pickFile" required="true"/>
      <uses-feature name="Utility" required="true"/>
      <uses-feature name="WebAPI" required="true"/>
    </feature-usage>
    <built-by name="pac" version="0.3.4"/>
  </control>
</manifest>